object_id,label,model_version,target_minutes,rows,mean_error,median_error,mae,rmse,p05_error,p95_error,mean_ci_width,ci_coverage
light_1,Light,LGBM baseline,10.0,1747,-0.008776392915496149,0.0042083927969969,0.402596621414657,0.516758590242496,-0.8957195588618415,0.833514716119864,,
light_1,Light,LGBM baseline,20.0,1727,0.0009101611857237254,0.0230012473018668,0.4676116859990285,0.5912135386886574,-0.9371824495978082,0.9318765069684802,,
light_1,Light,LGBM tuned,10.0,1747,-0.009191969198009204,-0.007713566664421,0.40281926571516186,0.5167537925139362,-0.8882379902296427,0.8370611058926346,,
light_1,Light,LGBM tuned,20.0,1727,0.00835268216467395,0.0262480589501059,0.4721691335102114,0.5980284353694855,-0.968133622572191,0.9614804371751234,,
light_1,Light,XGBoost baseline,10.0,1747,-0.0051267336877140616,0.0043487548828125,0.4054158532304458,0.517812227760013,-0.8905595779418944,0.8308269500732419,1.8191190457927875,0.9267315397824842
light_1,Light,XGBoost baseline,20.0,1727,-0.007694421134257234,0.0044422149658203,0.4718176196598684,0.595059346965588,-0.9547260284423803,0.9464029312133804,2.0941215726693687,0.9310943833236827
light_1,Light,XGBoost tuned,10.0,1747,-0.007923411188150077,-0.0052852630615234,0.40074456318219903,0.5155054600144379,-0.8937755584716787,0.832511138916014,1.901499126502576,0.933028048082427
light_1,Light,XGBoost tuned,20.0,1727,0.012871570468973397,0.034149169921875,0.47094864619401583,0.5944290262629192,-0.9659317016601536,0.9615478515624993,2.3358516919513606,0.9513607411696584
light_2,Light,LGBM baseline,10.0,1881,-0.06645160157711102,-0.0428681253841212,0.4111472490386267,0.5372560335517086,-0.9878188816352704,0.8143609704466996,,
light_2,Light,LGBM baseline,20.0,1848,-0.12224872767602156,-0.0724796751791707,0.4864249225706241,0.6178904058377075,-1.191440875336361,0.8456995613947086,,
light_2,Light,LGBM tuned,10.0,1881,-0.05247655697726441,-0.0240301117717827,0.4070706458803524,0.5332504268613332,-0.9739373218010848,0.780360662885176,,
light_2,Light,LGBM tuned,20.0,1848,-0.11248219556587033,-0.06822807291553085,0.47600119790149376,0.6033041467281419,-1.1703192648649328,0.8005689808236836,,
light_2,Light,XGBoost baseline,10.0,1881,-0.08517565667739799,-0.0619487762451171,0.41412218348945357,0.538238632483921,-1.0017910003662074,0.7936878204345703,1.8766037612971822,0.9255715045188729
light_2,Light,XGBoost baseline,20.0,1848,-0.13434279118291687,-0.07367134094238276,0.48887250021398504,0.6197334119958459,-1.197766685485841,0.8229366302490233,2.026814193181818,0.9123376623376623
light_2,Light,XGBoost tuned,10.0,1881,-0.05012489492068353,-0.0198745727539098,0.40614320876760773,0.5334658708565092,-0.9675369262695312,0.7987117767333984,1.8686058575225943,0.9271664008506114
light_2,Light,XGBoost tuned,20.0,1848,-0.11402930324238042,-0.064999580383299,0.4705975427252937,0.6007146926261323,-1.1845133781433106,0.7972005844116199,2.3446295200216447,0.948051948051948
light_3,Light,LGBM baseline,10.0,488,0.06327474645033003,0.1195250813181232,0.32877568058283346,0.40367536449524477,-0.6977614914636098,0.6340125231373983,,
light_3,Light,LGBM baseline,20.0,503,0.16596115998038277,0.2362521113367073,0.39854103455729745,0.470767742291972,-0.6416436613783112,0.7682034955067357,,
light_3,Light,LGBM tuned,10.0,488,0.055386974681134044,0.11522224992285496,0.3309952303959812,0.4062203964305269,-0.7196856400061378,0.649929478855432,,
light_3,Light,LGBM tuned,20.0,503,0.12623742843573446,0.188821662934167,0.3813365511164585,0.45723624880341607,-0.6321468717327974,0.7329891363669706,,
light_3,Light,XGBoost baseline,10.0,488,0.03884797408624371,0.092930793762207,0.3192258389288932,0.3976034620862764,-0.7481763839721692,0.6171404838562011,1.428411301229508,0.8852459016393442
light_3,Light,XGBoost baseline,20.0,503,0.12227629477753589,0.1840705871582031,0.37673731402752436,0.4495486770267731,-0.6636156082153348,0.7308395404155266,1.6902475904572565,0.9085487077534792
light_3,Light,XGBoost tuned,10.0,488,0.051709534688900834,0.11245822906494315,0.3299647862979678,0.40690057244941863,-0.7196483612060547,0.6549744606018065,1.4762233135245901,0.8975409836065574
light_3,Light,XGBoost tuned,20.0,503,0.14715203044531633,0.197031021118164,0.3838025391016402,0.4579789506640061,-0.6409563064575196,0.7328029650981438,2.0845423777335985,0.9582504970178927
light_4,Light,LGBM baseline,10.0,1887,-0.06540736035361702,-0.0315851630505044,0.4182962942929962,0.5413237257260181,-0.9943068656461073,0.785973419803118,,
light_4,Light,LGBM baseline,20.0,1847,-0.0765393813653073,-0.0603590659967885,0.45264035910014405,0.5729548735786714,-1.0188481924022605,0.8245059302439118,,
light_4,Light,LGBM tuned,10.0,1887,-0.04491176638693191,-0.0166473069430175,0.40036391566670665,0.5182016222317448,-0.9575413204640809,0.7784010480611353,,
light_4,Light,LGBM tuned,20.0,1847,-0.04761776676490264,-0.0283358618084008,0.43994606673773773,0.5617489332516181,-1.007998166493991,0.854249338353587,,
light_4,Light,XGBoost baseline,10.0,1887,-0.04846691845465579,-0.0193233489990234,0.4130437908512447,0.5327206899939648,-0.9657503128051748,0.8072257995605466,1.6258059273979861,0.8717541070482246
light_4,Light,XGBoost baseline,20.0,1847,-0.07697234905537799,-0.0562381744384765,0.45495428571267377,0.5752891709731017,-1.0494338989257812,0.8338754653930659,1.7843620720086626,0.8727666486193828
light_4,Light,XGBoost tuned,10.0,1887,-0.04031558762301993,-0.011142730712887,0.40322660375102465,0.5204707399581437,-0.9435312271118153,0.7770429611206051,1.6554429576046636,0.8791732909379968
light_4,Light,XGBoost tuned,20.0,1847,-0.04180569073546996,-0.0052356719970703,0.43548070331541383,0.5536467270684352,-1.0106954574584959,0.8302263259887691,2.0083609198700594,0.9117487818083378
machine_1,Machine,LGBM baseline,10.0,504,-0.038740900816270865,0.14241670251803562,0.8684247687552777,1.3879143738800204,-3.0091551687978244,1.9662879907163646,,
machine_1,Machine,LGBM baseline,20.0,532,-0.023539710752665317,0.17340088889276117,0.9836241849710999,1.4099250089670852,-2.65269950285659,1.848395365431697,,
machine_1,Machine,LGBM tuned,10.0,504,0.012320577877630558,0.20732776501280265,0.8830429960139226,1.3860354548451765,-3.0597526131492905,1.7444148166769324,,
machine_1,Machine,LGBM tuned,20.0,532,-0.10092579538194998,0.0694224399004799,0.9581708517853215,1.3990794674318245,-2.903127253483671,1.7036927148829104,,
machine_1,Machine,XGBoost baseline,10.0,504,-0.004428969516262542,0.19266319274902338,0.8754007324361263,1.3940778753551804,-2.969148826599124,1.7970816612243634,3.8806636805555557,0.8988095238095238
machine_1,Machine,XGBoost baseline,20.0,532,0.14307623335123387,0.3826637268066424,1.019935044998302,1.390027637521739,-2.5649883270263674,1.8488844871520993,4.584485520676692,0.8533834586466166
machine_1,Machine,XGBoost tuned,10.0,504,0.020693911419406404,0.2266855239868164,0.8902597994860064,1.3993466432769266,-3.06278581619263,1.905190849304199,3.9316404722222225,0.876984126984127
machine_1,Machine,XGBoost tuned,20.0,532,-0.028745350131321998,0.24281501770019526,0.9626356425750412,1.3651609084071257,-2.6950031280517575,1.648166561126709,5.2462099492481205,0.9285714285714286
machine_2,Machine,LGBM baseline,10.0,1765,0.028950085380594265,0.1363472112144528,0.4598135006844069,0.7433273544663663,-0.959565948288948,0.8086899240826269,,
machine_2,Machine,LGBM baseline,20.0,1731,0.029026561415830304,0.2210721033695897,0.600702977701107,0.8838991584081064,-1.382406016196681,0.9058401663626814,,
machine_2,Machine,LGBM tuned,10.0,1765,-0.00815268860797083,0.1045952036775155,0.4499987892643969,0.7444232708263756,-1.0181437923344916,0.7548543110517761,,
machine_2,Machine,LGBM tuned,20.0,1731,0.007527618922722665,0.1959702976886426,0.5934738716296678,0.8956936176815607,-1.406141544960052,0.9217087119289626,,
machine_2,Machine,XGBoost baseline,10.0,1765,0.014431196449625438,0.1291656494140625,0.4520689080936477,0.7381425831224068,-0.9721591949462862,0.7803672794277347,2.3039219920679885,0.8838526912181303
machine_2,Machine,XGBoost baseline,20.0,1731,0.023383109181715635,0.216373443603512,0.6094042658350908,0.8990582883796224,-1.3808641429882815,0.9302654278149411,2.9080868856152513,0.878682842287695
machine_2,Machine,XGBoost tuned,10.0,1765,-0.00685691723898669,0.103555679321289,0.4496967456023565,0.7450921910084481,-1.011505126953125,0.7677318572998046,2.4576541450424934,0.91671388101983
machine_2,Machine,XGBoost tuned,20.0,1731,0.007896672385224266,0.1949996948242187,0.5897288903655566,0.8944759586477593,-1.4238557815551793,0.9103889465332031,3.2927571265164643,0.9145002888503755
machine_3,Machine,LGBM baseline,10.0,1810,-0.06712713685011919,0.047871924906500454,0.6068832478686992,0.9282083358094301,-1.6910148367159554,1.0450634098600635,,
machine_3,Machine,LGBM baseline,20.0,1772,-0.15212939252061217,-0.01803152193421015,0.7091006249465742,1.058177135340087,-1.9676409475659495,1.1867438785932372,,
machine_3,Machine,LGBM tuned,10.0,1810,-0.08720063752467265,0.031673781584469596,0.5987249608326803,0.9278692823610478,-1.7119352538459114,1.0314673888905663,,
machine_3,Machine,LGBM tuned,20.0,1772,-0.14117844419504014,-0.00499438816248515,0.6934910404137414,1.0508888129259053,-1.8895326145657407,1.1689774709637162,,
machine_3,Machine,XGBoost baseline,10.0,1810,-0.10131548360490228,0.021730424919432702,0.6059498961073247,0.9288836620319122,-1.7006943702697774,1.0203408241271983,2.294308743093923,0.8856353591160221
machine_3,Machine,XGBoost baseline,20.0,1772,-0.15180421470321487,-0.005289077758789,0.6951848874286785,1.04401421656242,-1.9460023880004882,1.1441193575771471,2.5209801523702033,0.8549661399548533
machine_3,Machine,XGBoost tuned,10.0,1810,-0.0942857268165115,0.031459808349611096,0.6066017720217083,0.941152616014571,-1.7743619918823241,1.0534675598144527,2.3790639475138122,0.905524861878453
machine_3,Machine,XGBoost tuned,20.0,1772,-0.14418923292489563,0.0073413848876953,0.6912749863504641,1.0491545031317764,-1.8930986404418944,1.13544864654541,2.8616691202031603,0.9068848758465011
machine_4,Machine,LGBM baseline,10.0,633,-0.0325709273988603,0.1059288194356362,0.5095017437144321,0.7561442264573428,-1.3509423526048132,0.8942177887188447,,
machine_4,Machine,LGBM baseline,20.0,616,0.15246301494424405,0.275516649767491,0.5761053590017746,0.7641256914068166,-1.2569963525671755,1.1431110501592805,,
machine_4,Machine,LGBM tuned,10.0,633,-0.01426583200976902,0.1015383180111122,0.5027578760976008,0.749755078349697,-1.3685751173195158,0.9314641705972653,,
machine_4,Machine,LGBM tuned,20.0,616,0.09512216719518402,0.20557342359168546,0.5459101632152238,0.7447412634720217,-1.3484904456992515,1.023695080576999,,
machine_4,Machine,XGBoost baseline,10.0,633,-0.013567302254393914,0.114288330078125,0.505672759125182,0.7478716687941895,-1.332941436767578,0.9197628021240227,2.55090714849921,0.8783570300157978
machine_4,Machine,XGBoost baseline,20.0,616,0.1477245138221006,0.2621011734008807,0.580854586132955,0.7628807621199407,-1.2858085632324219,1.1450757980346644,2.716233025974026,0.8668831168831169
machine_4,Machine,XGBoost tuned,10.0,633,-0.02800241802641825,0.0965023040771448,0.4986481478143203,0.7461584349286671,-1.351566696166992,0.9203014373779295,2.8325072259083726,0.9004739336492891
machine_4,Machine,XGBoost tuned,20.0,616,0.12166341242883444,0.2368917465209961,0.5519752408955204,0.7411902311086952,-1.2936015129089358,0.9967989909851056,3.178119553571429,0.9204545454545454
machine_6,Machine,LGBM baseline,10.0,1888,0.07591805079533592,0.11583866260161454,0.3782851655696816,0.5019126074343567,-0.7660713410470376,0.7632158306852972,,
machine_6,Machine,LGBM baseline,20.0,1848,0.1480417288967948,0.18485407110083507,0.4229081407969904,0.5538731820196453,-0.7741943713491497,0.9247161838319806,,
machine_6,Machine,LGBM tuned,10.0,1888,0.04569155542991698,0.081960059438769,0.37239574062474046,0.4994841445442259,-0.7850823130703297,0.7520215877494109,,
machine_6,Machine,LGBM tuned,20.0,1848,0.11690821419156246,0.1651986240946392,0.41811776768577197,0.5461751977184139,-0.8103985000068648,0.8819479097045073,,
machine_6,Machine,XGBoost baseline,10.0,1888,0.08591386222259778,0.12644958496093925,0.3776405383063442,0.5011450305347234,-0.7542840957641578,0.7693602561950683,2.2488791440677964,0.9528601694915254
machine_6,Machine,XGBoost baseline,20.0,1848,0.15277092488915645,0.18903732299804685,0.422011766603959,0.5523270271952181,-0.7593647003173828,0.9530386924743651,2.476669682900433,0.9594155844155844
machine_6,Machine,XGBoost tuned,10.0,1888,0.03998566786137983,0.08027648925781064,0.3726204846020042,0.4996950727400168,-0.7730762481689453,0.765646457672118,2.27887017690678,0.9602754237288136
machine_6,Machine,XGBoost tuned,20.0,1848,0.14537503710143249,0.19259166717529294,0.4215671303981025,0.54704648801331,-0.7661543857397455,0.9186198253950194,2.5918350876623375,0.9718614718614719
screen_1,Screen,LGBM baseline,10.0,56,-0.22554804085692734,-0.3818457493989076,0.5408065269766464,0.7283438808749922,-0.9729120108061774,1.0403063781006425,,
screen_1,Screen,LGBM baseline,20.0,32,-1.216927512081995,-1.2396267462595603,1.3786275092395295,1.4706646460259265,-1.9599754197795058,-0.5509919527244199,,
screen_1,Screen,LGBM tuned,10.0,56,-0.06303046235672534,-0.19540335577380036,0.48321835827951976,0.7110139168648623,-0.932420013695217,1.4660222899952657,,
screen_1,Screen,LGBM tuned,20.0,32,-0.8969782943551167,-0.9178920304630509,1.0720068681898876,1.1962924281581642,-1.5895154884873746,-0.26195763556129376,,
screen_1,Screen,XGBoost baseline,10.0,56,-0.234473773283517,-0.3897953033447265,0.5473292214925715,0.733631904660277,-0.9903635967407204,1.0989742279052759,2.4165965714285713,0.8571428571428571
screen_1,Screen,XGBoost baseline,20.0,32,-1.2070098519325256,-1.120737075805664,1.3701139092445374,1.4558937127477765,-1.961919403076172,-0.6053271293640153,2.6091642812500004,0.59375
screen_1,Screen,XGBoost tuned,10.0,56,-0.11312883228053502,-0.2570066452026367,0.5062959194579207,0.7096031948557701,-0.8895559314965817,1.3438758850097683,2.6979147678571427,0.8928571428571429
screen_1,Screen,XGBoost tuned,20.0,32,-1.1248058676719666,-1.1154413223266602,1.2936545014381409,1.3820660596008147,-1.8207942008972169,-0.5587753295898458,3.26515496875,0.625
screen_2,Screen,LGBM baseline,10.0,1886,-0.02567825822295263,0.1212798912436845,0.6010367735743446,0.8087349761492487,-1.5935574974635172,1.0884118137151317,,
screen_2,Screen,LGBM baseline,20.0,1846,-0.03127323390276766,0.11842504968621445,0.7689555158505929,1.0203070952663702,-2.061738342089127,1.3889111380053103,,
screen_2,Screen,LGBM tuned,10.0,1886,0.008382955455216034,0.13720739965788903,0.5979287244540178,0.8056326046873649,-1.5787466278979165,1.105508430181608,,
screen_2,Screen,LGBM tuned,20.0,1846,-0.05120746768914936,0.1048570437307319,0.7519075801623819,1.0032586584646808,-2.0484569619898396,1.3400858072948658,,
screen_2,Screen,XGBoost baseline,10.0,1886,-0.011574179838944884,0.12786483764648435,0.5982504548264557,0.8068027701108373,-1.6180706024169922,1.0960464477539062,2.6117231723223755,0.8769883351007424
screen_2,Screen,XGBoost baseline,20.0,1846,-0.03589037979894239,0.1071071624755859,0.7638637391837927,1.0101117449657042,-2.035386085510254,1.3434314727783176,3.1588403407367283,0.8407367280606717
screen_2,Screen,XGBoost tuned,10.0,1886,0.011035105088892539,0.13605022430419922,0.5980325973808837,0.8070566811690455,-1.5923800468444835,1.0866942402575681,2.7057865455991514,0.8870625662778366
screen_2,Screen,XGBoost tuned,20.0,1846,-0.05084419766038161,0.1252365112304669,0.7506568232795414,1.00260474653322,-2.0555820465087917,1.3184666633605966,3.6482912378114842,0.905742145178765
window_1,Window,LGBM baseline,10.0,1887,-0.15773813639183562,-0.1026569801328847,0.5194701459536358,0.6917047573165582,-1.3031554669965433,0.8307314192867649,,
window_1,Window,LGBM baseline,20.0,1847,-0.3376921936492172,-0.2470287763941279,0.6965621854867017,0.9225877272426193,-1.863405787684913,0.8662755504312983,,
window_1,Window,LGBM tuned,10.0,1887,-0.10919127396265804,-0.0412035118713198,0.5240680061230301,0.6896718395110014,-1.2576883213921857,0.8994414843002301,,
window_1,Window,LGBM tuned,20.0,1847,-0.26421044744371625,-0.1572413873643725,0.6697499129167157,0.8756338100595451,-1.6944108788052066,0.9241576483263803,,
window_1,Window,XGBoost baseline,10.0,1887,-0.179842975697911,-0.1438674926757812,0.5256816387212129,0.6869909704387626,-1.2928188323974608,0.825206182538084,2.0750882633810277,0.8203497615262321
window_1,Window,XGBoost baseline,20.0,1847,-0.35441570973509623,-0.2639789581298792,0.6961268831456787,0.9218229952236957,-1.8866081237792969,0.8532028198242184,2.6516709756361663,0.8321602598808879
window_1,Window,XGBoost tuned,10.0,1887,-0.08834046109475659,-0.0242328643798828,0.506774052302796,0.6691840202299224,-1.2216524124145507,0.9035558700561523,2.206498174350821,0.8717541070482246
window_1,Window,XGBoost tuned,20.0,1847,-0.29667046344684006,-0.2116489372900396,0.6699312671847427,0.8797610502473757,-1.740580940246582,0.8746025085449216,3.3641684477531135,0.9036275040606389
