object_id,canonical_label,model_version,target_minutes,rows,mean_error,median_error,mae,rmse,p05_error,p95_error,mean_ci_width,ci_coverage
cableduct_1,Cableduct,LGBM baseline,5.0,1236,0.08399705179303432,0.1700607982540436,0.36679239406355996,0.48642474875887803,-0.8615319727864366,0.6719444064407138,,
cableduct_1,Cableduct,LGBM baseline,10.0,1235,0.05234761700235729,0.1197830209837462,0.37155482319960104,0.4987571839329805,-0.9124372361633561,0.7103946868224356,,
cableduct_1,Cableduct,LGBM tuned,5.0,1236,0.02825070389022826,0.11407548668504036,0.3464992435493294,0.4821017786595508,-0.9338482333783515,0.5997798659300351,,
cableduct_1,Cableduct,LGBM tuned,10.0,1235,0.012251066080604433,0.1134201534765075,0.3663486254721736,0.4932026641257613,-1.003565631797497,0.6337902848022865,,
cableduct_1,Cableduct,XGBoost baseline,5.0,1236,0.08185147143367043,0.16203593963623136,0.3794858480111034,0.5003747980478149,-0.8984617459411632,0.6786687438659662,1.3463335218446602,0.8131067961165048
cableduct_1,Cableduct,XGBoost baseline,10.0,1235,0.10241030622390562,0.1914268547363278,0.41435688231650913,0.52475890322865,-0.9509806941772466,0.7675027664062497,1.4028826761133604,0.8307692307692308
cableduct_1,Cableduct,XGBoost tuned,5.0,1236,0.01506139684140107,0.09414920184326189,0.3398229537656717,0.47394138099080935,-0.9252322804870606,0.5984655631103504,1.5076231148867312,0.8996763754045307
cableduct_1,Cableduct,XGBoost tuned,10.0,1235,0.00828735547309907,0.108421074462889,0.36074534769894995,0.48964280865734783,-1.0346468722167963,0.6381258091552726,1.6487802453441296,0.897165991902834
cableduct_2,Cableduct,LGBM baseline,5.0,1582,0.09630755790647415,0.19234076397002825,0.3749319700761539,0.48415965842779934,-0.8802207623786747,0.6840204132978003,,
cableduct_2,Cableduct,LGBM baseline,10.0,1589,0.13512344932001533,0.2093098170722847,0.40826262882755826,0.5273579882432318,-0.9449604825671137,0.7928633039812701,,
cableduct_2,Cableduct,LGBM tuned,5.0,1582,0.034552414020332156,0.11657151508734025,0.3386763111639649,0.4595268827660036,-0.8894299186583857,0.6274729030023289,,
cableduct_2,Cableduct,LGBM tuned,10.0,1589,0.022874413018219734,0.1111885166474557,0.352516296714483,0.4779277891841424,-0.9278470268316894,0.6093745827963558,,
cableduct_2,Cableduct,XGBoost baseline,5.0,1582,0.05347006413105072,0.13964752874755776,0.3479967048134593,0.4658512078167043,-0.8791394325744643,0.6237038524658194,1.4835123704171933,0.9146649810366625
cableduct_2,Cableduct,XGBoost baseline,10.0,1589,0.03461810542846962,0.1289175632324202,0.36021616907393833,0.48097175906388556,-0.9287760385009768,0.6219612656250006,1.5675207501573314,0.9100062932662052
cableduct_2,Cableduct,XGBoost tuned,5.0,1582,0.009901198592503034,0.08819096405029285,0.32772543363155937,0.4564296670414803,-0.9031021066284184,0.6117537803955081,1.6331437168141592,0.943109987357775
cableduct_2,Cableduct,XGBoost tuned,10.0,1589,0.01987155170616245,0.1131551154785164,0.34852526287295077,0.47236487146358586,-0.9492545090576171,0.6260816444335926,1.6998018168659534,0.9414726242920075
cableduct_3,Cableduct,LGBM baseline,5.0,1762,0.07532738436571677,0.1562520569327574,0.3157362874482708,0.41103697248680604,-0.720643972448937,0.5920333073008738,,
cableduct_3,Cableduct,LGBM baseline,10.0,1754,0.09416912016073886,0.1416346169367397,0.3587920096050303,0.46311728485666365,-0.7665002310923194,0.7364948402299759,,
cableduct_3,Cableduct,LGBM tuned,5.0,1762,0.022439208806294308,0.08445611832134145,0.2915385187078479,0.3943251447059161,-0.7406784848007584,0.5479635505638496,,
cableduct_3,Cableduct,LGBM tuned,10.0,1754,0.014248560914050988,0.08489298835645614,0.3186589800255058,0.4222158420109911,-0.8079872190410413,0.5722772355639844,,
cableduct_3,Cableduct,XGBoost baseline,5.0,1762,0.0392671348710221,0.1067320709228507,0.2957686964455416,0.3972785541652891,-0.7562216974548345,0.5578423935119627,1.3623510885357548,0.9108967082860386
cableduct_3,Cableduct,XGBoost baseline,10.0,1754,0.02424984627174254,0.1090617355346701,0.32402535609967853,0.4241804702133857,-0.7800993983093256,0.5883166694274894,1.4644177371721778,0.9025085518814139
cableduct_3,Cableduct,XGBoost tuned,5.0,1762,0.008971233523787066,0.07104154980468805,0.28310168033059757,0.39258536801368277,-0.7743218325012212,0.5331842810058597,1.5175946231555053,0.9392735527809307
cableduct_3,Cableduct,XGBoost tuned,10.0,1754,0.0143368465107331,0.0905705564575196,0.31499337391178334,0.4173656148524784,-0.7936292736511236,0.5645973289489752,1.618327759977195,0.927594070695553
cableduct_4,Cableduct,LGBM baseline,5.0,1831,0.03857262109729332,0.1210309914761147,0.35111373263347695,0.47376551813519946,-0.8706069746845309,0.6105344730551394,,
cableduct_4,Cableduct,LGBM baseline,10.0,1816,0.09636504727679718,0.153413032144293,0.3931913721200114,0.5177374978733421,-0.8102752760692677,0.7919928755896102,,
cableduct_4,Cableduct,LGBM tuned,5.0,1831,0.009496998596716747,0.0862142660347586,0.33184215679627205,0.45714483680942436,-0.8301258042554096,0.5912523350700489,,
cableduct_4,Cableduct,LGBM tuned,10.0,1816,0.004412040947777847,0.06914787333186995,0.34645281750863394,0.47610998176454256,-0.8414339899836696,0.6470504214705892,,
cableduct_4,Cableduct,XGBoost baseline,5.0,1831,0.01221245685257801,0.0903667283935547,0.3324603738095645,0.45788958098197513,-0.8494035089111343,0.5658169311523427,1.496657451119607,0.9071545603495358
cableduct_4,Cableduct,XGBoost baseline,10.0,1816,-0.00347626584991588,0.069126720031738,0.34724861025839654,0.47575244088952096,-0.8616584534301754,0.6388999740600587,1.6879235952643172,0.9063876651982379
cableduct_4,Cableduct,XGBoost tuned,5.0,1831,-0.010190794549530528,0.063961390747071,0.3251009049680284,0.45568404220309616,-0.8486063246459974,0.5795116743164073,1.7095414685963952,0.9377389404696886
cableduct_4,Cableduct,XGBoost tuned,10.0,1816,0.010125335536469457,0.07814038592529285,0.34016905222902005,0.46838003941111006,-0.837668253234864,0.638053696716308,1.8116108232378856,0.9317180616740088
chair_1,Chair,LGBM baseline,5.0,132,0.13117720777680236,0.22031355234735273,0.32993276733254273,0.432553754522163,-0.5243163663903067,0.5461492604024961,,
chair_1,Chair,LGBM baseline,10.0,133,0.1917556344730796,0.2684636824015989,0.37737049833923564,0.4430060616803056,-0.5524293037186823,0.6915941948224611,,
chair_1,Chair,LGBM tuned,5.0,132,0.08780340867607027,0.18769174076344086,0.3234125767624192,0.43571992817982663,-0.6168460233597718,0.5827696182137354,,
chair_1,Chair,LGBM tuned,10.0,133,0.13150660653039695,0.2310648846609631,0.3354209965528537,0.410526997255856,-0.5799544962387955,0.5662274745864571,,
chair_1,Chair,XGBoost baseline,5.0,132,0.22255942959964656,0.3015948425292976,0.3917073696538754,0.494659531215075,-0.4926910785644517,0.7439752435913087,1.82998175,0.7803030303030303
chair_1,Chair,XGBoost baseline,10.0,133,0.3091333528676428,0.430108845092775,0.44906533759325085,0.5150127944314251,-0.4595274087890622,0.8401637479492193,2.097987639097744,0.7669172932330827
chair_1,Chair,XGBoost tuned,5.0,132,0.09737126676709744,0.18432700915527356,0.32207984416152513,0.42949084482794925,-0.5663969489379882,0.5474043264892586,1.8908960833333337,0.9318181818181818
chair_1,Chair,XGBoost tuned,10.0,133,0.17858116138429578,0.2796571947021498,0.36214427878105937,0.4363415268079644,-0.564764525097656,0.6123865297363273,2.0919953984962407,0.8195488721804511
machine_1,Machine,LGBM baseline,5.0,414,0.2307484618566358,0.2724536259690513,0.3057111182696445,0.3623116524238403,-0.28165252959102494,0.6173908197031319,,
machine_1,Machine,LGBM baseline,10.0,428,0.25466149801650634,0.26381548342852484,0.3500071589707567,0.41963755693041105,-0.3135265357866726,0.7377836001923813,,
machine_1,Machine,LGBM tuned,5.0,414,0.12029761799278624,0.15015079792921782,0.23383888977318268,0.29803953776208736,-0.38667917502331045,0.5080617885806513,,
machine_1,Machine,LGBM tuned,10.0,428,0.1645277247784991,0.1624959524094489,0.29561968464867855,0.3782178991707319,-0.439480934665967,0.7096025839866366,,
machine_1,Machine,XGBoost baseline,5.0,414,0.2161486285689348,0.24684636785888608,0.2933235966732006,0.3508539712332873,-0.3062154662109369,0.5780351930541996,1.9433954420289856,0.9444444444444444
machine_1,Machine,XGBoost baseline,10.0,428,0.23837942027838865,0.24870050018310505,0.34772132898975966,0.41563557715098964,-0.39915631997070444,0.7142695515136711,1.1794089228971965,0.7242990654205608
machine_1,Machine,XGBoost tuned,5.0,414,0.11436740543767206,0.125541803894043,0.22726270394027634,0.30007270942950487,-0.39128880865478466,0.5760186544799817,1.5230587487922707,0.9516908212560387
machine_1,Machine,XGBoost tuned,10.0,428,0.19777393316792985,0.19932973736572274,0.3185616127008455,0.3932841794202238,-0.41940916575927784,0.7280408145385745,1.7541971495327102,0.9299065420560748
machine_2,Machine,LGBM baseline,5.0,1426,0.05722799422206809,0.1508166541988522,0.2890561502589252,0.41230658079390997,-0.7670005033267415,0.4787865200654702,,
machine_2,Machine,LGBM baseline,10.0,1408,0.06294314599125977,0.15458273493884886,0.3102618040317165,0.44036857467290214,-0.7922350915083758,0.5076408950153681,,
machine_2,Machine,LGBM tuned,5.0,1426,0.034502682312695626,0.1061524094868886,0.2760654445297538,0.4062872620827492,-0.6950488335762159,0.4892902255631615,,
machine_2,Machine,LGBM tuned,10.0,1408,0.06693523972526337,0.15718455147638183,0.3087961728964905,0.4336823363943801,-0.8525660790747988,0.5036032724332096,,
machine_2,Machine,XGBoost baseline,5.0,1426,0.06861768671929781,0.1558726852416985,0.30459816045671767,0.4266469400749501,-0.7563849036865244,0.5385371259765623,1.1677066143057504,0.8485273492286115
machine_2,Machine,XGBoost baseline,10.0,1408,0.10339980461398034,0.20921881805419845,0.35903480872102217,0.48368585866773073,-0.9323431232971193,0.6028645341247562,1.361315004971591,0.8373579545454546
machine_2,Machine,XGBoost tuned,5.0,1426,0.026718348041207998,0.10308853491210884,0.2696261545321985,0.40569832300023323,-0.7354271947326669,0.46358115463256855,1.3601869901823282,0.9207573632538569
machine_2,Machine,XGBoost tuned,10.0,1408,0.06334926551055903,0.15569968908691395,0.31289906946875834,0.44460554442165284,-0.8809670351745598,0.5198982578247063,1.6190364517045452,0.9318181818181818
machine_3,Machine,LGBM baseline,5.0,253,0.24128660713106106,0.24817342738055,0.26721487156653234,0.30379287916897096,-0.05926154919510362,0.5159476676325928,,
machine_3,Machine,LGBM baseline,10.0,248,0.2731963867496141,0.2795206486939854,0.30110552057210244,0.34768800549522755,-0.07682039614555809,0.603446062766206,,
machine_3,Machine,LGBM tuned,5.0,253,0.1411505813062769,0.128052039383153,0.18000709135460113,0.2240569806541082,-0.13931393630177447,0.4314692532552037,,
machine_3,Machine,LGBM tuned,10.0,248,0.22784042492799852,0.24927872683220895,0.2656244542795388,0.2976505346943227,-0.10097197943671392,0.4759475120986777,,
machine_3,Machine,XGBoost baseline,5.0,253,0.21610299790839999,0.2189335623779307,0.24076275978733716,0.27443776693385974,-0.04054497673339901,0.4722375474853513,0.9372128735177865,0.782608695652174
machine_3,Machine,XGBoost baseline,10.0,248,0.3356612362031013,0.3563147711791998,0.35914793003796,0.3940557709038925,-0.01559853367309474,0.6220364335144044,0.8539420362903225,0.41935483870967744
machine_3,Machine,XGBoost tuned,5.0,253,0.16858623917434148,0.167548840087889,0.19679644821372055,0.2325095160446785,-0.07978276762695267,0.43532986831054776,1.0386568023715412,0.849802371541502
machine_3,Machine,XGBoost tuned,10.0,248,0.284432689875941,0.30270508001708935,0.30742045698842696,0.3349800296438481,-0.012258391485596312,0.5208758952392585,1.1722862741935483,0.7258064516129032
machine_4,Machine,LGBM baseline,5.0,789,0.059117215592853656,0.091249217629759,0.23939679595477548,0.3229714758721916,-0.5655211896265776,0.47465906131152424,,
machine_4,Machine,LGBM baseline,10.0,768,0.056184013903098885,0.0975883246063613,0.3184169395702912,0.407275380048933,-0.6857281025750781,0.6190441050187013,,
machine_4,Machine,LGBM tuned,5.0,789,0.032661062384991967,0.0545515663304456,0.24046156765216464,0.3293820779905826,-0.6273289329959034,0.48318633067771366,,
machine_4,Machine,LGBM tuned,10.0,768,0.02905282601373005,0.07306163416941655,0.26309375107616795,0.35880600224663867,-0.6767784888378141,0.4898786008960929,,
machine_4,Machine,XGBoost baseline,5.0,789,0.05256565898691227,0.0885350395507806,0.2394800991789572,0.3251384767522494,-0.6076042078857433,0.4829120474365229,1.0501996096324462,0.8986058301647655
machine_4,Machine,XGBoost baseline,10.0,768,0.06297536767721172,0.11538023742675735,0.2784972473044396,0.36363167187016787,-0.6494762746276856,0.5136310207336432,1.2140723046875002,0.8958333333333334
machine_4,Machine,XGBoost tuned,5.0,789,0.003843238329521098,0.0147684178466782,0.2181067206065827,0.31175007387762066,-0.58966560769043,0.42913811052246137,1.161178442332066,0.9290240811153359
machine_4,Machine,XGBoost tuned,10.0,768,0.014453245472907966,0.05619651373290855,0.25529931120173144,0.3512084946975038,-0.6465612386352539,0.45936878389892444,1.3405012734375,0.9270833333333334
machine_6,Machine,LGBM baseline,5.0,1605,0.11086094544906704,0.1441876883736448,0.31577947819508984,0.4111504388865068,-0.6249634338658538,0.6671118696856231,,
machine_6,Machine,LGBM baseline,10.0,1606,0.08323046333793618,0.1087581978254661,0.3289243024670724,0.44323954010082933,-0.7175904147380852,0.7093234856002848,,
machine_6,Machine,LGBM tuned,5.0,1605,0.048975142921000324,0.0842526806071504,0.29310652375315754,0.3949968841200425,-0.711772583093326,0.5703608491719769,,
machine_6,Machine,LGBM tuned,10.0,1606,0.03862864735303829,0.0865290703351462,0.3025974703720778,0.41204415450499116,-0.7217403297506042,0.6101162909572491,,
machine_6,Machine,XGBoost baseline,5.0,1605,0.06374100374721636,0.1084537685546891,0.2955830296497,0.3938833932326999,-0.6906422926025406,0.5952690970458995,1.4122206062305298,0.9271028037383178
machine_6,Machine,XGBoost baseline,10.0,1606,0.09686764062059151,0.15091767675781395,0.3256879952312009,0.4261243413496895,-0.689483213684082,0.668645020721435,1.4502616288916566,0.9196762141967622
machine_6,Machine,XGBoost tuned,5.0,1605,0.019718742504958888,0.0626599777832019,0.2815339824816552,0.3840231361454886,-0.7171968802978504,0.562734052905273,1.5312071613707163,0.9414330218068536
machine_6,Machine,XGBoost tuned,10.0,1606,0.01703863364168125,0.065618622314453,0.29523520464343,0.4068258248275853,-0.7464642688903806,0.5839459963684099,1.555372405354919,0.9383561643835616
screen_1,Screen,LGBM baseline,5.0,1820,0.13546584513289686,0.2098746561555504,0.4005457121029834,0.5107655683305805,-0.8961219622045357,0.7632420026868229,,
screen_1,Screen,LGBM baseline,10.0,1805,0.2818215732550712,0.2919253404360944,0.5207018360028797,0.6621078053233497,-0.8046371965728681,1.1951650746905607,,
screen_1,Screen,LGBM tuned,5.0,1820,0.10637832693964983,0.1691356811209541,0.3733078630866697,0.49338325734760646,-0.9061347395711903,0.7709003732095491,,
screen_1,Screen,LGBM tuned,10.0,1805,0.12892066123125787,0.2026028030624402,0.43296821151582776,0.5631144635744859,-0.9422809960307333,0.9183333250404232,,
screen_1,Screen,XGBoost baseline,5.0,1820,0.1085621516816192,0.19227309295654388,0.3790300365581807,0.4966404603578136,-0.9135907091979985,0.7444834381164555,1.9922283175824178,0.9252747252747253
screen_1,Screen,XGBoost baseline,10.0,1805,0.13231950346023694,0.2339936219482439,0.44158603140669633,0.5654420269657146,-0.9384779802246099,0.8906595203857421,2.201265891966759,0.8875346260387812
screen_1,Screen,XGBoost tuned,5.0,1820,0.06845384194631056,0.1356518736572276,0.3590828463668656,0.4919070738470403,-0.9854727479553231,0.7404233365417473,1.9798913692307694,0.9434065934065934
screen_1,Screen,XGBoost tuned,10.0,1805,0.11566620584571399,0.196727370605469,0.4246687948349041,0.5530871405770021,-0.9599169370117181,0.9000871326416003,2.433837208864266,0.942382271468144
screen_2,Screen,LGBM baseline,5.0,1856,0.08981561234362026,0.1537749219438584,0.2853569129785101,0.4001366627257558,-0.567240210761927,0.5579081507040637,,
screen_2,Screen,LGBM baseline,10.0,1837,0.027672843404338624,0.0861576845547347,0.28150210823842003,0.42168189228704894,-0.6439489311270484,0.5384073089892711,,
screen_2,Screen,LGBM tuned,5.0,1856,0.04942927650671376,0.10639036366554315,0.2720013563545221,0.39703523806199364,-0.6041113933954136,0.527470637669742,,
screen_2,Screen,LGBM tuned,10.0,1837,0.062204060412098666,0.1277620981003551,0.2908921290402617,0.42435594007675187,-0.6426452041027098,0.5763034402726328,,
screen_2,Screen,XGBoost baseline,5.0,1856,0.0974001132963115,0.16538985107422016,0.295912802864272,0.4085776986547237,-0.5574028521118164,0.5734489703674308,1.1437935603448275,0.8631465517241379
screen_2,Screen,XGBoost baseline,10.0,1837,0.15345409511038294,0.220643928588867,0.341269095594943,0.45400552580037196,-0.5424022830810535,0.6568624367187494,1.221411462166576,0.8519324986390855
screen_2,Screen,XGBoost tuned,5.0,1856,0.033324155184121,0.08839489373779225,0.2644837641366104,0.39424177787408776,-0.6267657287292483,0.5215007478332518,1.342036650323276,0.9197198275862069
screen_2,Screen,XGBoost tuned,10.0,1837,0.03862243751382181,0.1013719711914049,0.282076784077486,0.41937001071367447,-0.6409246561767573,0.5474648697753906,1.4204504681546,0.9107240065323897
window_1,Window,LGBM baseline,5.0,644,0.038011765132312025,0.07518180741724476,0.3099963263103363,0.40319051255827104,-0.6552128406886004,0.5906908556716636,,
window_1,Window,LGBM baseline,10.0,648,-0.04649618099864809,-0.01086017760792395,0.3745529143074857,0.4797848082434559,-0.9090788492731583,0.6808561218074721,,
window_1,Window,LGBM tuned,5.0,644,-0.01399131109075464,0.0253140525333677,0.30520000382176077,0.4040677411711652,-0.7111375458907538,0.5520413623289682,,
window_1,Window,LGBM tuned,10.0,648,-0.04612740535187757,0.01138618288627485,0.36035677452537307,0.4554329050127301,-0.868082424819797,0.5976401751758967,,
window_1,Window,XGBoost baseline,5.0,644,0.040076946715929505,0.0794191768798828,0.32050343189007297,0.418502271569515,-0.6646056071594247,0.6440091489990247,1.371309905279503,0.8835403726708074
window_1,Window,XGBoost baseline,10.0,648,0.03284029061889646,0.0730898015136709,0.38116609390409484,0.4704395531134248,-0.8057036613830574,0.7176257740356439,1.5229155308641977,0.8765432098765432
window_1,Window,XGBoost tuned,5.0,644,-0.02232072284523151,0.01320834564209145,0.29282943349120333,0.3895613909004368,-0.6851426599670394,0.5114016453491206,1.5936047841614907,0.9347826086956522
window_1,Window,XGBoost tuned,10.0,648,-0.06565498085191518,-0.00896954895019415,0.3505570112967785,0.446080310489093,-0.8556079776733393,0.5492848146850585,1.7042054645061728,0.9274691358024691
